{"bboxes_xyxy": [923.484130859375, 786.6026000976562, 1098.8214111328125, 894.91357421875], "confidence": 0.9143024682998657, "label": 66, "lengths": [30, 30, 30]}