{"bboxes_xyxy": [[333.7499694824219, 473.3792724609375, 470.5935363769531, 663.2978515625], [784.6112060546875, 180.6092987060547, 866.403564453125, 286.1727600097656], [976.6448974609375, 155.95169067382812, 1022.5761108398438, 292.22540283203125], [246.27444458007812, 433.08160400390625, 337.9764099121094, 651.4087524414062], [1372.416748046875, 172.58531188964844, 1442.100830078125, 273.3687438964844], [607.2455444335938, 189.18443298339844, 666.297607421875, 443.74871826171875], [1321.2532958984375, 188.12454223632812, 1372.3548583984375, 282.4606628417969]], "confidence": [0.8450237512588501, 0.8360991477966309, 0.8075321316719055, 0.7994483113288879, 0.7840790748596191, 0.7025260925292969, 0.6149252653121948], "label": [0, 0, 0, 0, 0, 0, 0], "lengths": [7, 7, 7]}